Tipo|Grupo|Bancos|Origem|Nome|CNPJ|Codigo.FIP|Endereço|Cidade
Seguros|ABGF||Nacional|AGÊNCIA BRASILEIRA GESTORA DE FUNDOS GARANTIDORES E GARANTIAS S.A. - ABGF|00.000.000/0000-00|02739|SAS-QUADRA 3, BLOCO \O\, EDIFICIO ÓRGÃOS REGIONAIS,10º ANDAR -|BRASÍLIA
Seguros|ACE||Multinacional|ACE SEGURADORA S.A.|03.502.099/0001-18|06513|AV. PAULISTA, 1294, - 17º, 18º E 21º ANDARES - BELA VISTA|SÃO PAULO
Seguros|AIG||Multinacional|AIG SEGUROS BRASIL S.A. (ATUAL DENOMINAÇÃO DE CHARTIS SEGUROS BRASIL S.A.)|33.040.981/0001-50|08737|RUA GOMES DE CARVALHO, 1306 - 12.º ANDAR - CONJUNTO 122 - VILA OLÍMPIA|SÃO PAULO
Seguros|ALFA ||Nacional|ALFA PREVIDÊNCIA E VIDA S.A.|02.713.530/0001-02|02895|ALAMEDA SANTOS, 466 7º ANDAR - CERQUEIRA CESAR|SÃO PAULO
Seguros|ALFA ||Nacional|ALFA SEGURADORA S.A.|02.713.529/0001-88|06467|ALAMEDA SANTOS, 466 - 5º ANDAR - PARAÍSO|SÃO PAULO
Seguros|ALIANÇA DA BAHIA||Nacional|COMPANHIA DE SEGUROS ALIANÇA DA BAHIA|15.144.017/0001-90|05045|PINTO MARTINS, 11 - COMÉRCIO|SALVADOR
Seguros|ALLIANZ||Multinacional|ALLIANZ SEGUROS S.A.|61.573.796/0001-66|05177|RUA LUIS COELHO, 26 - CERQUEIRA CESAR|SÃO PAULO
Seguros|AMERICAN LIFE||Nacional|AMERICAN LIFE COMPANHIA DE SEGUROS|67.865.360/0001-27|05819|AV. ANGELICA, 2626 - CONSOLAÇÃO|SAO PAULO
Seguros|ANGELUS||Nacional|ANGELUS SEGUROS S.A.|../-|03387|CANDIDO DE ABREU, 776, 22º ANDAR, CONJ. 2202 - SALA 2 - CENTRO CÍVICO|CURITIBA
Seguros|ARGO||Multinacional|ARGO SEGUROS BRASIL S.A.|14.868.712/0001-31|02798|AVENIDA DAS NAÇÕES UNIDAS, 12.399 - CJS 140 E 141 - BROOKLIN PAULISTA|SÃO PAULO
Seguros|ASSURANT||Multinacional|ASSURANT SEGURADORA S.A.|03.823.704/0001-52|02143|ALAMEDA RIO NEGRO, 585 - EDIFÍCIO DEMINI - 3º ANDAR - ALPHAVILLE|BARUERI
Seguros|AUSTRAL||Nacional|AUSTRAL SEGURADORA S.A.|11.521.976/0001-26|02461|AV ATAULFO DE PAIVA 153, 5º E 6º ANDARES-PARTE - LEBLON|RIO DE JANEIRO
Seguros|AXA||Multinacional|AXA SEGUROS S.A.|19.323.190/0001-06|02852|AV. PRES JUSCELINO KUBITSCHEK,1600, 15º A,CONJ COMERCIAL 151 -|SÃO PAULO
Seguros|BANESTES|Banco do Estado do Espírito Santo|Nacional|BANESTES SEGUROS S.A.|27.053.230/0001-75|05274|AV. PRINCESA ISABEL, 574-ED.PALAS CENTER BL.\A\ - 8ºE 9ºAND - CENTRO|VITÓRIA
Seguros|BCS||Nacional|BCS SEGUROS S.A.|48.076.897/0001-63|05231|AV. PRESIDENTE WILSON 231 SALA Nº2403 E 2404 PARTE - CENTRO|RIO DE JANEIRO
Seguros|BERKLEY||Multinacional|BERKLEY INTERNATIONAL DO BRASIL SEGUROS S.A.|07.021.544/0001-89|01414|RUA OLIMPIADAS, 242 7 ANDAR - VILA OLIMPIA|SÃO PAULO
Seguros|BMG|Banco BMG|Nacional|BMG SEGURADORA S.A.|29.741.030/0001-30|06912|RUA SAO CLEMENTE 38 04 ANDAR PARTE - BOTAFOGO|BELO HORIZONTE
Seguros|BRADESCO|Banco Bradesco|Nacional|ALVORADA VIDA S.A.|02.305.455/0001-40|06491|CIDADE DE DEUS S/N - VILA YARA|OSASCO
Seguros|BRADESCO|Banco Bradesco|Nacional|ATLÂNTICA COMPANHIA DE SEGUROS|33.151.291/0001-78|05533|RUA BARÃO DE ITAPAGIPE, Nº 225 - PARTE - RIO COMPRIDO|RIO DE JANEIRO
Seguros|BRADESCO|Banco Bradesco|Nacional|BRADESCO AUTO/RE COMPANHIA DE SEGUROS|92.682.038/0001-00|05312|RUA BARÃO DE ITAPAGIPE, Nº 225 - PARTE - RIO COMPRIDO|RIO DE JANEIRO
Seguros|BRADESCO|Banco Bradesco|Nacional|BRADESCO SEGUROS S.A.|33.055.146/0001-93|05444|AV. PAULISTA, 1415 - BELA VISTA|SÃO PAULO
Seguros|BRADESCO|Banco Bradesco|Nacional|BRADESCO VIDA E PREVIDÊNCIA S.A.|51.990.695/0001-37|06866|CIDADE DE DEUS S/N - VILA YARA|OSASCO
Seguros|BRASILPREV|Banco do Brasil|Multinacional|BRASILPREV NOSSO FUTURO SEGUROS E PREVICÊNCIA S.A. (ATUAL DENOMINAÇÃO DE MAPFRE NOSSA CAIXA VIDA E PREVIDÊNCIA S.A.)|05.304.876/0001-45|04561|ALAMEDA SANTOS, 415 - 7 ANDAR - CERQUEIRA CESAR|SÃO PAULO
Seguros|BRASILPREV|Banco do Brasil|Nacional|BRASILPREV SEGUROS E PREVIDÊNCIA S.A.|27.665.207/0001-31|04707|RUA ALEXANDRE DUMAS, 1671 - CHÁC. SANTO ANTÔNIO|SÃO PAULO
Seguros|BTG PACTUAL|Banco BTG Pactual|Nacional|BTG PACTUAL SEGURADORA S.A.|15.437.885/0001-68|02437|AVENIDA BRIGADEIRO FARIA LIMA, 3477 - 14º ANDAR - ITAIM BIBI|SÃO PAULO
Seguros|BTG PACTUAL|Banco BTG Pactual|Nacional|BTG PACTUAL VIDA E PREVIDÊNCIA S.A.|19.449.767/0001-20|02682|AV BRIGADEIRO FARIA LIMA 3477, 12 ANDAR -|SÃO PAULO
Seguros|BVA||Nacional|ARUANA SEGUROS S.A. (ATUAL DENOMINAÇÃO DE BVA SEGUROS S.A.)|07.017.295/0001-58|02119|AV. ALMIRANTE BARROSO, 52 - 19º ANDAR - PARTE - CENTRO|RIO DE JANEIRO
Seguros|CAIXA|Caixa Econômica Federal|Nacional|CAIXA SEGURADORA S.A.|34.020.354/0001-10|05631|SCN QUADRA 01, Nº 77, BLOCO A, ED. NUMBE ONE, 15º ANDAR - ASA NORTE|BRASILIA
Seguros|CAIXA|Caixa Econômica Federal|Nacional|CAIXA VIDA E PREVIDÊNCIA S.A.|03.730.204/0001-76|08141|SCN QUADRA 01, Nº 77, BLOCO A, ED. NUMBER ONE 13º ANDAR - ASA NORTE|BRASILIA
Seguros|CAIXA||Nacional|CIA SEGUROS PREVIDENCIA DO SUL|92.751.213/0001-73|05193|AV JULIO DE CASTILHOS, 44 - 7º AO 11º - CENTRO|PORTO ALEGRE
Seguros|CAPEMISA|Banco BMG|Nacional|CAPEMISA SEGURADORA DE RAMOS ELEMENTARES S.A|00.000.000/0000-00|01741|RUA SÃO CLEMENTE, 38, 7º ANDAR - BOTAFOGO|RIO DE JANEIRO
Seguros|CAPEMISA|Banco BMG|Nacional|CAPEMISA SEGURADORA DE VIDA E PREVIDÊNCIA S/A|08.602.745/0001-32|04251|RUA SÃO CLEMENTE Nº 38 7º ANDAR - BOTAFOGO|RIO DE JANEIRO
Seguros|CARDIF||Multinacional|CARDIF DO BRASIL SEGUROS E GARANTIAS S.A.|08.279.191/0001-84|02933|CAMPOS BICUDO, 98, 4ºANDAR - CJ 41 - CHACARA ITAIM|SÃO PAULO
Seguros|CARDIF||Multinacional|CARDIF DO BRASIL VIDA E PREVIDÊNCIA S/A|03.546.261/0001-08|06548|RUA CAMPOS BICUDO, 98 , 2O E 4O. ANDARES - ITAIM|SÃO PAULO
Seguros|CARDIF||Nacional|LUIZASEG SEGUROS S.A.|07.746.953/0001-42|02062|CAMPOS BICUDO Nº 98 - 3º ANDAR - CONJUNTO 32 - CHÁCARA ITAIM|SÃO PAULO
Seguros|CENTAURO||Nacional|CENTAURO VIDA E PREVIDÊNCIA S.A.|42.516.278/0001-66|06017|NILO CAIRO, 171 - CENTRO|CURITIBA
Seguros|CESCEBRASIL||Nacional|CESCEBRASIL SEGUROS DE GARANTIAS E CRÉDITO S.A.|29.959.459/0001-07|06998|ALAMEDA SANTOS 787, CJ 102 E 11º ANDAR - CERQUEIRA CÉSAR|SÃO PAULO
Seguros|CHUBB||Multinacional|CHUBB DO BRASIL CIA DE SEGUROS|33.170.085/0001-05|05011|AV. MARIA COELHO DE AGUIAR, Nº 215 BLOCO F 4º ANDAR - JD. SÃO LUIS|SÃO PAULO
Seguros|COFACE||Nacional|COFACE DO BRASIL SEGUROS DE CRÉDITO S.A. (ATUAL DENOMINAÇÃO DE COFACE DO BRASIL SEGUROS DE CRÉDITO INTERNO S.A.)|07.644.868/0001-73|03328|PRACA JOAO DURAN ALONSO, 34 12ºANDAR - BROOKLIN NOVO|SÃO PAULO
Seguros|COMPREV||Nacional|COMPREV SEGUROS E PREVIDÊNCIA S.A.|14.333.631/0001-37|02879|AV MEM DE SA, 247, 1º ANDAR - CENTRO|RIO DE JANEIRO
Seguros|GBOEX||Nacional|CONFIANÇA CIA DE SEGUROS|33.054.883/0001-71|05053|RUA SETE DE SETEMBRO, 604 - 7º ANDAR - CENTRO|PORTO ALEGRE
Seguros|CRÉDITO Y CAUCIÓN||Multinacional|CRÉDITO Y CAUCIÓN SEGURADORA DE CRÉDITO À EXPORTAÇÃO S.A.|08.587.943/0001-74|02721|AVENIDA ANGELICA, Nº 2530, 10º ANDAR, CONJ. 101 - CONSOLAÇÃO|SÃO PAULO
Seguros|CRÉDITO Y CAUCIÓN||Multinacional|CRÉDITO Y CAUCIÓN SEGURADORA DE CRÉDITO E GARANTIAS S.A.|08.587.950/0001-76|02020|AV. ANGÉLICA, 2530 10 ANDAR CONJ 102 - CONSOLAÇÃO|SÃO PAULO
Seguros|DAYPREV|Banco Daycoval|Nacional|DAYPREV VIDA E PREVIDÊNCIA S.A.|08.872.199/0001-50|01619|AVENIDA PAULISTA, 1793 - 7º ANDAR - BELA VISTA|SÃO PAULO
Seguros|EULER HERMES||Multinacional|EULER HERMES SEGUROS DE CRÉDITO À EXPORTAÇÃO S.A.|05.809.815/0001-30|04812|ALAMEDA SANTOS, 2335 - CONJUNTO 52 - CERQUEIRA CÉSAR|SÃO PAULO
Seguros|EULER HERMES||Multinacional|EULER HERMES SEGUROS DE CRÉDITO S.A.|04.573.811/0001-32|04359|ALAMEDA SANTOS, 2335 - CONJUNTO 51 - PARTE - CERQUEIRA CESAR|SÃO PAULO
Seguros|EXCELSIOR||Nacional|COMPANHIA EXCELSIOR DE SEGUROS|33.054.826/0001-92|05690|AV. MARQUES DE OLINDA, 175 - RECIFE ANTIGO|RECIFE
Seguros|FAIRFAX||Multinacional|FAIRFAX BRASIL SEGUROS CORPORATIVOS S.A.|10.793.428/0001-92|04669|ALAMEDA SANTOS, 1940 - 4ANDAR - CERQUEIRA CESAR|SAO PAULO
Seguros|FATOR|Banco Fator S.A.|Nacional|FATOR SEGURADORA S.A.|33.061.862/0001-83|06122|AV. SANTO AMARO, Nº 48 - 6º ANDAR, CONJ. 61 - VILA NOVA CONCEIÇÃO|SÃO PAULO
Seguros|FEDERAL||Nacional|FEDERAL DE SEGUROS S/A|33.928.219/0001-04|05002|RUA DAS PALMEIRAS Nº 72 - BOTAFOGO|RIO DE JANEIRO
Seguros|FEDERAL||Nacional|FEDERAL VIDA E PREVIDÊNCIA S.A.|05.509.289/0001-92|01147|SC/SUL QUADRA 07 BLOCO A - SALA 503 - SCS|BRASILIA
Seguros|GENERALI||Multinacional|GENERALI BRASIL SEGUROS S.A.|33.072.307/0001-57|05908|RIO BRANCO, 128 - 4/8 E 14 PAVS. - CENTRO|RIO DE JANEIRO
Seguros|GENTE||Nacional|GENTE SEGURADORA S.A.|90.180.605/0001-02|06793|AV. CARLOS GOMES, 350 - BOA VISTA|PORTO ALEGRE
Seguros|HDI||Multinacional|HDI SEGUROS S.A.|29.980.158/0001-57|06572|AV. ENGENHEIRO LUIS CARLOS BERRINI, 901 3,4, 5 E 6 ANDARES - BROOKLIN|SÃO PAULO
Seguros|HDI||Multinacional|HDI-GERLING SEGUROS INDUSTRIAIS S.A.|18.096.627/0001-53|01571|AV. ENGENHEIRO LUIS CARLOS BERRINI 901, 3º ANDAR, CJ 32 - BROOKLIN|SÃO PAULO
Seguros|HSBC|Banco HSBC|Multinacional|HSBC SEGUROS (BRASIL) S.A.|76.538.446/0001-36|06106|RUA TENENTE FRANCISCO FERREIRA DE SOUZA, 805 - HAUER|CURITIBA
Seguros|HSBC|Banco HSBC|Multinacional|HSBC VIDA E PREVIDÊNCIA (BRASIL) S.A.|05.607.427/0001-76|04740|RUA TENENTE FRANCISCO FERREIRA DE SOUZA, 805 - HAUER|SÃO PAULO
Seguros|ICATU||Nacional|COMPANHIA BRASILEIRA DE SEGUROS E PREVIDÊNCIA|01.582.075/0001-90|06301|PRAÇA 22 DE ABRIL, 36 - PARTE - CENTRO|RIO DE JANEIRO
Seguros|ICATU||Nacional|ICATU SEGUROS S.A.|42.283.770/0001-39|05142|PRAÇA 22 DE ABRIL Nº 36 - PARTE - CENTRO|RIO DE JANEIRO
Seguros|ICATU||Nacional|VANGUARDA COMPANHIA DE SEGUROS GERAIS|42.582.049/0001-40|05657|PRAÇA 22 DE ABRIL, Nº 36 (PARTE) - CENTRO|RIO DE JANEIRO
Seguros|INVEST||Nacional|INVESTPREV SEGURADORA S.A.|42.366.302/0001-28|06921|AV CARLOS GOMES, 222 CJ 1001 - AUXILIADORA|PORTO ALEGRE
Seguros|INVEST||Nacional|INVESTPREV SEGUROS E PREVIDÊNCIA S.A.|17.479.056/0001-73|06173|RUA RIO DE JANEIRO, 927 - 10º ANDAR - SALA 1015 - CENTRO|PORTO ALEGRE
Seguros|ITAÚ|Banco Itaú|Nacional|ITAÚ SEGUROS DE AUTO E RESIDÊNCIA S.A.|08.816.067/0001-00|03182|AV. EUSÉBIO MATOSO, 1375 -2º AO 8º ANDARES E 10º ANDAR-PARTE - PINHEIROS|SÃO PAULO
Seguros|ITAÚ|Banco Itaú|Nacional|ITAU SEGUROS S.A.|61.557.039/0001-07|05321|AV. EUSÉBIO MATOSO, 891 - 20º ANDAR - PINHEIROS|SÃO PAULO
Seguros|ITAÚ|Banco Itaú|Nacional|ITAÚ VIDA E PREVIDÊNCIA S.A.|92.661.388/0001-90|05096|AVENIDA EUSÉBIO MATOSO, 891 - 20º ANDAR - PINHEIROS|SÃO PAULO
Seguros|ITAÚ|Banco Itaú|Nacional|ITAÚ SEGUROS SOLUÇÕES CORPORATIVAS S.A.|07.476.141/0001-24|01775|PÇ ALFREDO EGYDIO DE SOUZA ARANHA, 100, T. A. EGYDIO, 12º A. - PARQUE JABAQUARA|SÃO PAULO
Seguros|J. MALUCELLI||Nacional|J. MALUCELLI SEGURADORA S.A.|84.948.157/0001-33|05436|RUA VISCONDE DE NACAR, 1441 - CENTRO|CURITIBA
Seguros|J. MALUCELLI||Nacional|J. MALUCELLI SEGUROS S.A.|09.064.453/0001-56|03727|RUA VISCONDE DE NACAR, 1441 - CENTRO|CURITIBA
Seguros|LIBERTY||Multinacional|INDIANA SEGUROS S.A.|61.100.145/0001-59|05843|RUA DR. GERALDO CAMPOS MOREIRA, Nº 110 - 13º ANDAR - PARTE E - CIDADE MONÇÕES|SÃO PAULO
Seguros|LIBERTY||Multinacional|LIBERTY SEGUROS S.A.|61.550.141/0001-72|05185|RUA DR. GERALDO CAMPOS MOREIRA, 110 - BROOKLIN NOVO|SÃO PAULO
Seguros|LÍDER||Nacional|SEGURADORA LÍDER DOS CONSÓRCIOS DO SEGURO DPVAT S.A.|09.248.608/0001-04|03271|SENADOR DANTAS Nº 74, 5ºANDAR - CENTRO|RIO DE JANEIRO
Seguros|MAF-SCOR||Multinacional|ESSOR SEGUROS S.A.|14.525.684/0001-50|01490|AV. RIO BRANCO, 1 SALA 1711 - CENTRO|RIO DE JANEIRO
Seguros|MAPFRE-BB|Banco do Brasil|Nacional|ALIANÇA DO BRASIL SEGUROS S.A.|01.378.407/0001-10|06211|RUA MANOEL DA NÓBREGA N° 1280, 9° ANDAR CONJUNTO 01 - PARAÍSO|SÃO PAULO
Seguros|MAPFRE-BB|Banco do Brasil|Nacional|BRASILVEÍCULOS COMPANHIA DE SEGUROS|01.356.570/0001-81|06181|RUA SENADOR DANTAS, 105 - 29º ANDAR PARTE, 30º E 31º ANDARES - CENTRO|SÃO PAULO
Seguros|MAPFRE-BB|Banco do Brasil|Nacional|COMPANHIA DE SEGUROS ALIANÇA DO BRASIL|28.196.889/0001-43|06785|RUA MANUEL DA NÓBREGA, 1280 - 8º E 9º ANDARES - PARAÍSO|SÃO PAULO
Seguros|MAPFRE-BB|Banco do Brasil|Nacional|COMPANHIA DE SEGUROS DO ESTADO DE SÃO PAULO - COSESP|62.088.042/0001-83|06688|RUA PAMPLONA, 227 - BELA VISTA|SÃO PAULO
Seguros|MAPFRE-BB|Banco do Brasil|Multinacional|MAPFRE AFFINITY SEGURADORA S.A.|87.912.143/0001-58|06858|AV. DAS NAÇÕES UNIDAS, 11711 - 21º ANDAR - BROOKLIN|SÃO PAULO
Seguros|MAPFRE-BB|Banco do Brasil|Multinacional|MAPFRE SEGURADORA DE CRÉDITO À EXPORTAÇÃO S.A.|08.687.929/0001-42|06718|AVENIDA DAS NAÇÕES UNIDAS, 11.711 - 15º ANDAR - BROOKLIN PAULISTA|SÃO PAULO
Seguros|MAPFRE-BB|Banco do Brasil|Multinacional|MAPFRE SEGUROS GERAIS S.A.|61.074.175/0001-38|06238|AVENIDA DAS NAÇÕES UNIDAS, 11.711 - 17º ANDAR - BROOKLIN PAULISTA|SÃO PAULO
Seguros|MAPFRE-BB|Banco do Brasil|Multinacional|MAPFRE VERA CRUZ PREVIDÊNCIA S.A.|04.046.576/0001-40|03298|AVENIDA DAS NAÇÕES UNIDAS, 11.711 - 17º ANDAR - BROOKLIN PAULISTA|SÃO PAULO
Seguros|MAPFRE-BB|Banco do Brasil|Multinacional|MAPFRE VIDA S.A.|54.484.753/0001-49|05665|AVENIDA DAS NAÇÕES UNIDAS, 11.711 - 17º ANDAR - BROOKLIN PAULISTA|SÃO PAULO
Seguros|MAPFRE-BB|Banco do Brasil|Nacional|VIDA SEGURADORA S.A.|02.238.239/0001-20|06378|RUA ARAÚJO PORTO ALEGRE, 36 - 3º ANDAR - CENTRO|SÃO PAULO
Seguros|MBM||Nacional|MBM SEGURADORA S/A|87.883.807/0001-06|06084|ANDRADAS, 772/780 - 8º ANDAR - CENTRO|PORTO ALEGRE
Seguros|METLIFE|Citibank|Multinacional|METROPOLITAN LIFE SEGUROS E PREVIDÊNCIA PRIVADA S.A.|02.102.498/0001-29|06351|RUA FLÓRIDA, 1595 - 8º ANDAR - CONJ. 81 - BROOKLIN NOVO|SÃO PAULO
Seguros|MITSUI||Multinacional|MITSUI SUMITOMO SEGUROS S.A.|33.016.221/0001-07|06602|ALAMEDA SANTOS 415 - 1ºANDAR - CERQUEIRA CESAR|SÃO PAULO
Seguros|MONGERAL||Nacional|MONGERAL AEGON SEGUROS E PREVIDÊNCIA S.A.|33.608.308/0001-73|02101|TRAVESSA BELAS ARTES, 15 - CENTRO|RIO DE JANEIRO
Seguros|MUTUAL||Nacional|COMPANHIA MUTUAL DE SEGUROS|75.170.191/0001-39|06131|AV. ENGENHEIRO LUIZ CARLOS BERRINI, 1681 - CONJS. 41E 42 - CIDADE DAS MONÇÕES|SÃO PAULO
Seguros|NOBRE||Nacional|NOBRE SEGURADORA DO BRASIL S/A|85.031.334/0001-85|05754|RUA VERGUEIRO, 7.213 - IPIRANGA|SAO PAULO
Seguros|PANAMERICANA|Banco Panamericano|Nacional|PANAMERICANA DE SEGUROS S.A.|33.245.762/0001-07|06653|AV. PAULISTA, 2240 11. ANDAR - BELA VISTA|SAO PAULO
Seguros|PORTO SEGURO||Nacional|AZUL COMPANHIA DE SEGUROS GERAIS|33.448.150/0001-11|05355|AV RIO BRANCO, 80 -13º E 15º AO 20º ANDARES - CENTRO|RIO DE JANEIRO
Seguros|PORTO SEGURO||Nacional|PORTO SEGURO COMPANHIA DE SEGUROS GERAIS|61.198.164/0001-60|05886|AVENIDA RIO BRANCO, 1489 E RUA GUAIANAZES, 1238 - CAMPOS ELÍSEOS|SÃO PAULO
Seguros|PORTO SEGURO||Nacional|PORTO SEGURO VIDA E PREVIDÊNCIA S/A.|58.768.284/0001-40|06033|AVENIDA RIO BRANCO, 1489 11º ANDAR - CAMPOS ELÍSEOS|SÃO PAULO
Seguros|POTTENCIAL|Banco Pottencial|Nacional|POTTENCIAL SEGURADORA S.A.|11.699.534/0001-74|03069|AVENIDA AFONSO PENA 4100 12 ANDAR - CRUZEIRO|BELO HORIZONTE
Seguros|PQ||Nacional|PQ SEGUROS S.A.|15.104.490/0001-43|05401|MIGUEL CALMON, 398 - 2º ANDAR (PARTE) - COMERCIO|SALVADOR
Seguros|PREVIMAX|Banco Bonsucesso|Nacional|PREVIMAX PREVIDÊNCIA PRIVADA E SEGURADORA S.A.|07.163.211/0001-94|03794|RUA ALVARENGA PEIXOTO, 974 - PARTE 8º ANDAR - SANTO AGOSTINHO|BELO HORIZONTE
Seguros|PRUDENTIAL||Multinacional|KYOEI DO BRASIL COMPANHIA DE SEGUROS|61.383.576/0001-70|06360|MENA BARRETO, 114 - 6º ANDAR / PARTE - BOTAFOGO|RIO DE JANEIRO
Seguros|PRUDENTIAL||Multinacional|PRUDENTIAL DO BRASIL SEGUROS DE VIDA S.A.|33.061.813/0001-40|05282|RUA MENA BARRETO, Nº 114 - BOTAFOGO|RIO DE JANEIRO
Seguros|QBE||Multinacional|QBE BRASIL SEGUROS S.A.|96.348.677/0001-94|05941|PRAÇA GENERAL GENTIL FALCÃO, 108, 7º ANDAR, CONJUNTO 71 - CIDADE MONÇÕES|SÃO PAULO
Seguros|RSA||Multinacional|ROYAL & SUNALLIANCE SEGUROS (BRASIL) S.A|33.065.699/0001-27|06751|AVENIDA DAS NAÇÕES UNIDAS, 12995 - 4º ANDAR - BROOKLIN NOVO|SAO PAULO
Seguros|SABEMI||Nacional|SABEMI SEGURADORA S.A.|87.163.234/0001-38|01007|SETE DE SETEMBRO, 515 - TÉRREO, 5º E 9º ANDARES - CENTRO|PORTO ALEGRE
Seguros|SAFRA|Banco Safra|Nacional|SAFRA SEGUROS GERAIS S.A.|06.109.373/0001-81|01627|AVENIDA PAULISTA, 2.100 - 12º ANDAR - CERQUEIRA CESAR|SÃO PAULO
Seguros|SAFRA|Banco Safra|Nacional|SAFRA VIDA E PREVIDÊNCIA S.A.|30.902.142/0001-05|09938|AV.PAULISTA, 2100 - 12º ANDAR - CERQUEIRA CESAR|S.PAULO
Seguros|SANCOR||Multinacional|SANCOR SEGUROS DO BRASIL S.A.|17.643.407/0001-30|02950|AV. XV DE NOVEMBRO, 871 - SALA 01 - ZONA 01|MARINGÁ
Seguros|SANTANDER|Banco Santander|Multinacional|ZURICH SANTANDER BRASIL SEGUROS E PREVIDÊNCIA S.A.|87.376.109/0001-06|05070|AV. PRES. JUSCELINO KUBITSCHEK, 2041/ 2235 - BL. A-22ºANDAR - VILA OLIMPIA|SÃO PAULO
Seguros|SANTANDER|Banco Santander|Multinacional|ZURICH SANTANDER BRASIL SEGUROS S.A.|06.136.920/0001-18|06564|AV. PRES. JUSCELINO KUBITSCHEK, 2041/ 2235 - BL. A -22ºANDAR - VILA OLIMPIA|SÃO PAULO
Seguros|SBCE|Banco do Brasil|Nacional|SEGURADORA BRASILEIRA DE CRÉDITO À EXPORTAÇÃO S.A.|02.166.824/0001-61|06335|RUA:SENADOR DANTAS, Nº 74 - 16º ANDAR - CENTRO|SÃO PAULO
Seguros|SINAF||Nacional|JAVA NORDESTE SEGUROS S.A.|06.068.410/0001-50|04634|AV. SANTOS DUMONT,3131 S/1420 - ALDEOTA|FORTALEZA
Seguros|SINAF||Nacional|SINAF PREVIDENCIAL CIA. DE SEGUROS|44.019.198/0001-20|06831|AV RIO BRANCO , 245 29.ANDAR - CENTRO|RIO DE JANEIRO
Seguros|STARR||Multinacional|STARR INTERNATIONAL BRASIL SEGURADORA S.A.|17.341.270/0001-69|04928|AV. PAULISTA, Nº 777/2º ANDAR - PARTE - BELA VISTA|SÃO PAULO
Seguros|SUHAI||Nacional|SUHAI SEGUROS S.A.|16.825.255/0001-23|04952|PROFESSOR JOÃO DOETZER, 303 SALA 5 - JARDIM DAS AMERICAS|CURITIBA
Seguros|SUL AMÉRICA||Nacional|SUL AMÉRICA CIA NACIONAL DE SEGUROS|33.041.062/0001-09|05118|RUA BEATRIZ LARRAGOITI LUCAS 121, PARTE - CIDADE NOVA|RIO DE JANEIRO
Seguros|SUL AMÉRICA||Nacional|SUL AMÉRICA COMPANHIA DE SEGUROS GERAIS|33.822.131/0001-03|06696|RUA BEATRIZ LARRAGOITI LUCAS 121, PARTE - CIDADE NOVA|RIO DE JANEIRO
Seguros|SUL AMÉRICA||Nacional|SUL AMÉRICA SEGUROS DE PESSOAS E PREVIDÊNCIA S.A.|01.704.513/0001-46|06220|RUA BEATRIZ LARRAGOITI LUCAS 121, PARTE - CIDADE NOVA|RIO DE JANEIRO
Seguros|TOKIO MARINE||Multinacional|TOKIO MARINE SEGURADORA S.A.|33.164.021/0001-00|06190|RUA SAMPAIO VIANA 44, 10º ANDAR - PARAÍSO|SÃO PAULO
Seguros|UBF||Multinacional|SWISS RE CORPORATE SOLUTIONS BRASIL SEGUROS S.A.|72.145.931/0001-99|05991|RUA SÃO TOMÉ, 86 - 20º AND. - VILA OLÍMPIA|SÃO PAULO
Seguros|UNIAO SEGURADORA||Nacional|UNIÃO SEGURADORA S.A. - VIDA E PREVIDÊNCIA|95.611.141/0001-57|02801|PRAÇA OTAVIO ROCHA, 65 SALA 21 - CENTRO|PORTO ALEGRE
Seguros|UNIMED||Nacional|UNIMED SEGURADORA S.A.|92.863.505/0001-06|06947|ALAMEDA MINISTRO ROCHA AZEVEDO, 366 - 7º AO 12º ANDARES - CERQUEIRA CÉSAR|SÃO PAULO
Seguros|UNIMED||Nacional|UNIMED SEGUROS PATRIMONIAIS S.A.|12.973.906/0001-71|01970|ALAMEDA MINISTRO ROCHA AZEVEDO, 366 - 10º ANDAR - CERQUEIRA CÉSAR|SÃO PAULO
Seguros|USEBENS||Nacional|USEBENS SEGUROS S/A|09.180.505/0001-50|03671|RUA DR. DIOGO DE FARIA, 1202 - CONJ. 92 - VILA CLEMENTINO|SÃO PAULO
Seguros|VIRGINIA SURETY||Multinacional|VIRGINIA SURETY COMPANHIA DE SEGUROS DO BRASIL|03.505.295/0001-46|06530|AV. PEREIRA BARRETO, 1395 - 2º AO 5º ANDAR - TORRE SUL - PARAISO|SANTO ANDRÉ
Seguros|XL||Multinacional|XL SEGUROS BRASIL S.A.|14.448.493/0001-31|01431|DOUTOR RENATO PAES DE BARROS, 1017 - 8° ANDAR - ITAIM BIBI|SÃO PAULO
Seguros|YASUDA-MARITIMA||Nacional|MARÍTIMA SEGUROS S.A.|61.383.493/0001-80|05720|RUA CEL. XAVIER DE TOLEDO, 114 - 10º ANDAR - CENTRO|SAO PAULO
Seguros|YASUDA-MARITIMA||Multinacional|YASUDA SEGUROS S.A|60.405.925/0001-44|06416|RUA:CUBATÃO, 320 - PARAISO|SÃO PAULO
Seguros|ZURICH|Banco Santander|Multinacional|ZURICH MINAS BRASIL SEGUROS S/A|17.197.385/0001-21|05495|RUA DOS CAETÉS, 745 - CENTRO|BELO HORIZONTE
Seguros|ZURICH|Banco Santander|Multinacional|ZURICH VIDA E PREVIDÊNCIA S.A.|01.206.480/0001-04|06157|RUA DOS CAETES, 745 - CENTRO|SÃO PAULO
Previdência|ACVAT||Nacional|ACVAT- PREVIDÊNCIA PRIVADA|91.167.361/0001-82|10014|AV. BENJAMIN CONSTANT, 428 - CX. POSTAL: 01 - CENTRO|LAJEADO
Previdência|APLUB||Nacional|APLUB - ASSOCIAÇÃO DOS PROFISSIONAIS LIBERAIS UNIVERSITÁRIOS DO BRASIL|92.672.070/0001-04|10065|AV JULIO DE CASTILHOS 10 - CENTRO|PORTO ALEGRE
Previdência|ARC||Nacional|ARC PREVIDÊNCIA PRIVADA|33.642.497/0001-09|10677|PRAÇA ANA AMELIA, Nº 9 - 10º ANDAR - SALAS 1003 E 1004 - CENTRO|RIO DE JANEIRO
Previdência|ARCESP||Nacional|ARCESP PREVIDÊNCIA PRIVADA|60.939.600/0001-41|10103|SÃO BENTO 545 - 2ª S/LOJA - CONJUNTO 9 - CENTRO|SÃO PAULO
Previdência|ASPECIR||Nacional|ASPECIR PREVIDÊNCIA|92.843.531/0001-64|11134|PRAÇA OTAVIO ROCHA, 65 - 1º ANDAR - CENTRO|PORTO ALEGRE
Previdência|AUXILIADORA||Nacional|AUXILIADORA PREVIDÊNCIA|17.188.350/0001-26|10979|RUA TIMBIRAS 1754 - 9 ANDAR - LOURDES|BELO HORIZONTE
Previdência|BAMÉRCIO||Nacional|BAMÉRCIO S.A. PREVIDÊNCIA PRIVADA|50.662.436/0001-14|10138|RUA CANADÁ, 387 - JARDIM AMÉRICA|SÃO PAULO
Previdência|BMC||Nacional|BMC PREVIDÊNCIA PRIVADA S.A.|07.622.099/0001-02|15580|CIDADE DE DEUS, S/N - VILA YARA|OSASCO
Previdência|EQUATORIAL||Nacional|EQUATORIAL PREVIDÊNCIA COMPLEMENTAR|42.150.987/0001-70|10120|AVENIDA PARANAIBA, Nº 538 - CENTRO|GOIÂNIA
Previdência|FAMÍLIA BANDEIRANTE||Nacional|FAMILIA BANDEIRANTE PREVIDÊNCIA PRIVADA|62.874.219/0001-77|10413|RUA MATIAS CARDOSO, 63 SL.305/308 - SANTO AGOSTINHO|BELO HORIZONTE
Previdência|FUTURO||Nacional|FUTURO - PREVIDÊNCIA PRIVADA|92.812.098/0001-08|11088|RUA BARÃO DE ITAPETININGA Nº 124 - 3º ANDAR - CONJUNTO 31 - REPÚBLICA|SÃO PAULO
Previdência|GBOEX||Nacional|GBOEX - GREMIO BENEFICENTE|92.872.100/0001-26|10448|SETE DE SETEMBRO 604 - CENTRO|PORTO ALEGRE
Previdência|LUTERPREV||Nacional|LUTERPREV- ENTIDADE LUTERANA DE PREVIDÊNCIA|00.795.766/0001-00|11304|RUA LUIZ MANOEL GONZAGA, 450 CONJ. 804 - PETRÓPOLIS|PORTO ALEGRE
Previdência|MBM||Nacional|MBM PREVIDÊNCIA PRIVADA|92.892.256/0001-79|10707|RUA DOS ANDRADAS, 774 - CENTRO|PORTO ALEGRE
Previdência|PECÚLIO UNIAO||Nacional|PECÚLIO UNIÃO PREVIDÊNCIA PRIVADA|29.961.505/0001-02|11126|PRAÇA PIO X, 55, 3° ANDAR, SALA 302, PARTE - CENTRO|RIO DE JANEIRO
Previdência|PREVICORP||Nacional|PREVICORP PREVIDÊNCIA PRIVADA|42.136.390/0001-71|10961|AVENIDA TANCREDO NEVES, 999 - GRUPO 101 - CAMINHO DAS ÁRVORES|SALVADOR
Previdência|PREVIMIL||Nacional|PREVIMIL PREVIDÊNCIA COMPLEMENTAR S.A.|95.619.003/0001-14|10847|AVENIDA DAS AMÉRICAS Nº 500 - BLOCO 18 - SALAS 301 E 302 - BARRA DA TIJUCA|RIO DE JANEIRO
Previdência|RECÍPROCA||Nacional|RECÍPROCA ASSISTÊNCIA|34.115.683/0001-44|10898|RUA DA QUITANDA, 30 - 13 ANDAR - CENTRO|RIO DE JANEIRO
Previdência|SABEMI||Nacional|SABEMI PREVIDÊNCIA PRIVADA|88.747.928/0001-85|10901|SETE DE SETEMBRO, 515 - 4º ANDAR - CENTRO|PORTO ALEGRE
Previdência|SCMS||Nacional|SOCIEDADE CAXIENSE DE MÚTUO SOCORRO|88.663.828/0001-70|10987|RUA GARIBALDI,803 - CENTRO|CAXIAS DO SUL
Previdência|COMPREV||Nacional|UNIÃO PREVIDENCIÁRIA COMETA DO BRASIL - COMPREV|33.634.999/0001-80|11070|AV MEM DE SÁ, 247, 1º ANDAR - CENTRO|RIO DE JANEIRO
Previdência|UPOFA||Nacional|UPOFA UNIÃO PREVIDENCIAL|76.678.101/0001-88|11096|RUA EMILIANO PERNETA, 10 9º ANDAR - CENTRO|CURITIBA
Previdência|VIVER||Nacional|VIVER PREVIDÊNCIA|33.767.492/0001-02|10031|AVENIDA ALVARES CABRAL Nº 397 - 2º ANDAR - SALA/CONJUNTO 201 - LOURDES|BELO HORIZONTE
Capitalização|APLICAP||Nacional|APLICAP CAPITALIZAÇÃO S.A.|13.122.801/0001-71|24813|PEDRO ADAMS FILHO, 3700 - PATRIA NOVA|NOVO HAMBURGO
Capitalização|APLUB||Nacional|APLUB CAPITALIZAÇÃO S.A.|88.076.302/0001-94|23540|AV. JÚLIO DE CASTILHOS, 10 - 5º ANDAR - CENTRO|PORTO ALEGRE
Capitalização|BRADESCO|Banco Bradesco|Nacional|ATLÂNTICA CAPITALIZAÇÃO S.A.|01.598.935/0001-84|23345|AV. PAULISTA, 1415 - BELA VISTA|SÃO PAULO
Capitalização|BRASILCAP|Banco do Brasil|Nacional|BB CAPITALIZAÇÃO S.A. (ATUAL DENOMINAÇÃO DE NOSSA CAIXA CAPITALIZAÇÃO S.A.)|07.681.872/0001-01|22926|RUA XV DE NOVEMBRO, 111 - 11º ANDAR - SALA 3 - CENTRO|SÃO PAULO
Capitalização|BRADESCO|Banco Bradesco|Nacional|BRADESCO CAPITALIZAÇÃO S.A.|33.010.851/0001-74|23566|AV. PAULISTA, 1415 - BELA VISTA|SÃO PAULO
Capitalização|BRASILCAP|Banco do Brasil|Nacional|BRASILCAP CAPITALIZAÇÃO S.A.|15.138.043/0001-05|20141|SENADOR DANTAS, 105 / 9º E 10º ANDARES - CENTRO|RIO DE JANEIRO
Capitalização|CAIXA|Caixa Econômica Federal|Nacional|CAIXA CAPITALIZAÇÃO S.A.|01.599.296/0001-71|25585|SCN QUADRA 01, Nº 77, BLOCO A, ED. NUMBER ONE 12º ANDAR - ASA NORTE|BRASILIA
Capitalização|CAPEMISA||Nacional|CAPEMISA CAPITALIZAÇÃO S.A.|14.056.028/0001-55|21491|RUA SÃO CLEMENTE Nº 38 5º ANDAR - BOTAFOGO|RIO DE JANEIRO
Capitalização|CARDIF||Multinacional|CARDIF CAPITALIZAÇÃO S.A.|11.467.788/0001-67|21628|CAMPOS BICUDO, 98, 4O ANDAR, CJ 41 - ITAIM BIBI|SÃO PAULO
Capitalização|ITAÚ|Banco Itaú|Nacional|CIA. ITAÚ DE CAPITALIZAÇÃO|23.025.711/0001-16|21661|PRAÇA ALFREDO EGYDIO DE SOUZA ARANHA, 100-T.A.EGYDIO-9ºANDAR - PARQUE JABAQUARA|SÃO PAULO
Capitalização|HSBC|Banco HSBC|Multinacional|HSBC CAPITALIZAÇÃO (BRASIL) S.A.|33.602.053/0001-31|27995|RUA TENENTE FRANCISCO FERREIRA DE SOUZA, 805 - HAUER|CURITIBA
Capitalização|HSBC|Banco HSBC|Multinacional|HSBC EMPRESA DE CAPITALIZAÇÃO (BRASIL) S.A.|33.425.075/0001-73|26158|RUA TENENTE FRANCISCO FERREIRA DE SOUZA, 805 - HAUER|CURITIBA
Capitalização|ICATU||Nacional|ICATU CAPITALIZAÇÃO S.A.|74.267.170/0001-73|21334|PRAÇA VINTE E DOIS DE ABRIL, 36 - CENTRO|RIO DE JANEIRO
Capitalização|INVEST||Nacional|INVEST CAPITALIZAÇÃO S.A. (ANTIGA DENOMINAÇÃO DE INVESTPREV CAPITALIZAÇÃO S.A.)|93.202.448/0001-79|21318|AV. CARLOS GOMES, 222 - AUXILIADORA|PORTO ALEGRE
Capitalização|LIDERANCA||Nacional|LIDERANÇA CAPITALIZAÇÃO S/A|60.853.264/0001-10|26026|RUA JACEGUAI, 400 - BELA VISTA|SÃO PAULO
Capitalização|MAPFRE||Multinacional|MAPFRE CAPITALIZAÇÃO S.A.|09.382.998/0001-00|28258|AV. DAS NAÇÕES UNIDAS, 12.495 - 11º ANDAR - BROOKLIN PAULISTA|SÃO PAULO
Capitalização|PORTO SEGURO||Nacional|PORTO SEGURO CAPITALIZAÇÃO S.A.|00.000.000/0000-00|28878|AVENIDA RIO BRANCO, 1489 - 8º ANDAR - CAMPOS ELÍSEOS|SÃO PAULO
Capitalização|SANTANDER|Banco Santander|Multinacional|SANTANDER CAPITALIZAÇÃO S.A.|03.209.092/0001-02|29319|AVENIDA PRES JUSCELINO KUBITSCHEK Nº 2041 E 2235 -BL A 22º - VILA OLIMPIA|SÃO PAULO
Capitalização|ZURICH|Banco Santander|Multinacional|ZURICH BRASIL CAPITALIZAÇÃO S.A.|17.266.009/0001-41|22683|PRAÇA GENERAL GENTIL FALCÃO, NO. 108 - 2O. ANDAR - CIDADE MONÇÕES|SÃO PAULO
Capitalização|SUL AMÉRICA||Nacional|SUL AMÉRICA CAPITALIZAÇÃO S.A. - SULACAP|03.558.096/0001-04|28932|RUA BEATRIZ LARRAGOITI LUCAS, Nº121 - CIDADE NOVA|RIO DE JANEIRO
Saúde|SALUTAR||Nacional|SALUTAR SAÚDE SEGURADORA S/A||000027|AV. PASSOS, 120 - 16º ANDAR CENTRO|RIO DE JANEIRO
Saúde|SUL AMÉRICA||Nacional|SUL AMÉRICA SEGURO SAÚDE S/A||000043||
Saúde|BRADESCO|Banco Bradesco|Nacional|BRADESCO DENTAL S.A.||000051||
Saúde|ITAÚ|Banco Itaú|Nacional|GRALHA AZUL SAÚDE S.A.||000299||
Saúde|TEMPO||Nacional|TEMPO SAÚDE SEGURADORA S.A.||000361||
Saúde|YASUDA-MARITIMA||Multinacional|MARÍTIMA SAÚDE SEGUROS S/A||000477||
Saúde|ALLIANZ||Multinacional|ALLIANZ SAÚDE S/A||000515||
Saúde|PORTO SEGURO||Nacional|PORTO SEGURO - SEGURO SAÚDE S/A||000582||
Saúde|UNIMED||Nacional|UNIMED SEGUROS SAÚDE S/A||000701||
Saúde|ITAÚ|Banco Itaú|Nacional|ITAUSEG SAÚDE S.A.||000884||
Saúde|HSBC|Banco HSBC|Multinacional|HSBC SEGURO SAÚDE S.A.||005541||
Saúde|SUL AMÉRICA||Nacional|SUL AMÉRICA SAÚDE COMPANHIA DE SEGUROS||005622||
Saúde|BRADESCO|Banco Bradesco|Nacional|BRADESCO SAÚDE S/A||005711||
Saúde|SUL AMÉRICA||Nacional|SUL AMERICA COMPANHIA DE SEGURO SAÚDE||006246||
Saúde|NOTRE DAME||Nacional|NOTRE DAME SEGURADORA S/A||006980||
Saúde|CAIXA|Caixa Econômica Federal|Nacional|CAIXA SEGURADORA ESPECIALIZADA EM SAÚDE S/A||418072||
